date,no tickets sol,sell_amt,purchase_amt,Ratio,no tickets sol * Ratio,norm_ratio,norm_ratio_cum_sum,norm_ratio*1000,no tickets sol_cumsum,actual_cumsum_ratio
2021-10-22,545,53.98222018348624,104.70526146972477,0.51556358702275,280.9821549273987,0.0019142116334290589,0.0019142116334290589,1.9142116334290589,545,0.0037058443545371095
2021-10-23,1012,60.04792490118577,111.74387516600791,0.5373710622795024,543.8195150268564,0.0037048105151700167,0.005619022148599075,3.7048105151700166,1557,0.010587155339475742
2021-10-24,699,57.35287553648068,111.00091511874106,0.5166883126605628,361.1651305497334,0.0024604640628009184,0.008079486211399993,2.4604640628009182,2256,0.015340155713460035
2021-10-25,2,168.68,168.68,1.0,2.0,1.3625147361572913e-05,0.008093111358761566,0.013625147361572913,2258,0.015353755142284023
2021-10-26,5,169.216,169.216,1.0,5.0,3.406286840393228e-05,0.008127174227165497,0.03406286840393228,2263,0.015387753714343998
2021-10-27,2,169.7,169.7,1.0,2.0,1.3625147361572913e-05,0.00814079937452707,0.013625147361572913,2265,0.015401353143167987
2021-10-28,196,77.22214285714286,123.87742007142856,0.6233754530294225,122.18158879376682,0.0008323710760930892,0.008973170450620158,0.8323710760930892,2461,0.016734097167918946
2021-10-29,18,175.44666666666666,180.01055555555556,0.9746465485048715,17.543637873087686,0.00011951732563944565,0.009092687776259604,0.11951732563944566,2479,0.01685649202733485
2021-10-30,186,374.3459677419355,114.69546415591398,3.2638253874892516,607.0715220730008,0.0041357194736295,0.013228407249889104,4.1357194736295,2665,0.018121238907965867
2021-10-31,4,186.82,177.2925,1.0537388778431125,4.21495551137245,2.871469498246177e-05,0.013257121944871565,0.02871469498246177,2669,0.018148437765613843
2021-11-01,6,209.71,228.81999999999996,0.9164845730268335,5.498907438161001,3.746171208629651e-05,0.013294583656957862,0.03746171208629651,2675,0.018189236052085812
2021-11-04,4,243.9,249.01999999999998,0.9794394024576341,3.9177576098305362,2.6690012380432366e-05,0.013321273669338295,0.026690012380432365,2679,0.018216434909733792
2021-11-05,40,78.80499999999999,95.01775,0.8293713542995913,33.174854171983654,0.0002260061383959846,0.01354727980773428,0.2260061383959846,2719,0.01848842348621358
2021-11-06,28,59.21999999999999,80.02461907142857,0.7400222667369557,20.72062346863476,0.00014116077409190734,0.013688440581826188,0.14116077409190733,2747,0.01867881548974943
2021-11-09,204,57.37,104.49062745588235,0.5490444587886368,112.00506959288191,0.0007630427892231227,0.01445148337104931,0.7630427892231227,2951,0.020065957229796347
2021-11-17,2,222.12,222.12,1.0,2.0,1.3625147361572913e-05,0.014465108518410883,0.013625147361572913,2953,0.020079556658620337
2021-11-18,2,222.12,222.12,1.0,2.0,1.3625147361572913e-05,0.014478733665772455,0.013625147361572913,2955,0.020093156087444327
2021-11-19,525,54.22622857142857,102.14157714666668,0.5308928066928542,278.71872351374844,0.0018987918401521598,0.016377525505924615,1.8987918401521597,3480,0.023663006153741544
2021-11-20,105,61.3,96.75551428571428,0.6335556216360352,66.5233402717837,0.00045319515709355533,0.016830720663018172,0.45319515709355535,3585,0.024376976167000988
2021-11-21,251,57.26426294820717,102.17185392430278,0.5604700389466671,140.67797977561347,0.0009583791024855537,0.017789099765503726,0.9583791024855537,3836,0.026083704484411656
2021-11-22,2,215.34,215.34,1.0,2.0,1.3625147361572913e-05,0.0178027249128653,0.013625147361572913,3838,0.026097303913235646
2021-11-24,334,56.51,105.93527794610777,0.5334389175695391,178.16859846822607,0.001213786704667247,0.019016511617532546,1.213786704667247,4172,0.028368408526841873
2021-11-25,217,61.75096774193548,102.32436329032258,0.6034825505508485,130.95571346953415,0.0008921454469311607,0.019908657064463705,0.8921454469311607,4389,0.029843946554244723
2021-11-26,78,54.8,87.56616238461538,0.6258125114505176,48.813375893140375,0.00033254471987994417,0.02024120178434365,0.33254471987994416,4467,0.03037432427838031
2021-11-28,2,226.64,223.825,1.012576789902826,2.025153579805652,1.3796507977334458e-05,0.020254998292320983,0.013796507977334458,4469,0.030387923707204296
2021-11-29,36,53.78,76.40305555555557,0.7038985497235057,25.340347790046206,0.00017263298641644403,0.020427631278737427,0.17263298641644403,4505,0.030632713426036108
2021-12-01,73,53.31,81.71292236986301,0.6524059898225052,47.62563725704288,0.0003244531629080132,0.02075208444164544,0.3244531629080132,4578,0.03112909257811172
2021-12-02,8,254.14,254.14,1.0,8.0,5.450058944629165e-05,0.020806585031091732,0.05450058944629165,4586,0.031183490293407678
2021-12-03,273,106.28992673992673,108.17629792673993,0.9825620656006299,268.23944390897196,0.0018274009757230573,0.02263398600681479,1.8274009757230574,4859,0.03303981232788223
2021-12-04,5,262.0,239.06799999999998,1.0959224990379306,5.479612495189653,3.7330263865637636e-05,0.022671316270680426,0.03733026386563763,4864,0.0330738108999422
2021-12-06,136,68.79882352941176,103.96310048529412,0.6617619444616656,89.99962444678653,0.0006131290727868432,0.02328444534346727,0.6131290727868431,5000,0.03399857205997348
2021-12-08,189,148.86269841269842,120.40970723280424,1.236301472977442,233.66097839273652,0.0015918326316251698,0.02487627797509244,1.5918326316251699,5189,0.03528371808384048
2021-12-09,399,54.71714285714285,113.99552798746866,0.47999376662528215,191.51751288348757,0.0013047271676797285,0.02618100514277217,1.3047271676797285,5588,0.03799680413422636
2021-12-10,181,66.1724861878453,116.68648987292818,0.567096381594024,102.64444506851834,0.0006992728449527191,0.02688027798772489,0.6992728449527191,5769,0.0392275524427974
2021-12-11,326,119.83972392638037,107.79453732208589,1.1117420873406965,362.42792047306705,0.0024690669121969835,0.029349344899921873,2.4690669121969835,6095,0.041444259341107674
2021-12-13,78,54.52,87.56616238461538,0.6226149292752231,48.5639644834674,0.00033084558627471825,0.029680190486196592,0.3308455862747183,6173,0.04197463706524326
2021-12-14,99,60.627878787878785,84.4683366969697,0.71775864375525,71.05810573176976,0.0004840885809147959,0.030164279067111388,0.4840885809147959,6272,0.042647808792030735
2021-12-15,348,145.27704022988505,112.09392912068967,1.2960295117630116,451.01827009352803,0.0030725951963930065,0.03323687426350439,3.0725951963930065,6620,0.04501410940740489
2021-12-17,509,106.37703339882123,106.83582253045186,0.9957056620077047,506.8141819619217,0.0034527089570831056,0.0366895832205875,3.4527089570831055,7129,0.04847516404311019
2021-12-18,1591,152.03892520427405,112.96173695851665,1.3459329618852076,2141.379342359365,0.014588304548337221,0.05127788776892472,14.588304548337222,8720,0.05929350967259375
2021-12-19,871,158.57607347876007,112.83879621239954,1.4053329067802887,1224.0449618056314,0.008338896490896308,0.059616784259821025,8.338896490896309,9591,0.06521606092544113
2021-12-20,270,128.70481481481482,111.43213333333333,1.1550062891626847,311.85169807392487,0.0021245126706069847,0.06174129693042801,2.124512670606985,9861,0.0670519838166797
2021-12-21,762,180.88330708661417,110.31991163910762,1.6396251991058732,1249.3944017186755,0.00851159141807059,0.07025288834849859,8.511591418070589,10623,0.07223336619861966
2021-12-22,1774,148.83184892897407,109.62136001747463,1.3576902248361902,2408.5424588594014,0.016408372964282256,0.08666126131278085,16.408372964282254,12397,0.08429605956549825
2021-12-23,1212,164.98992574257426,112.4748190330033,1.4669054563596278,1777.889413107869,0.012112002623087547,0.0987732639358684,12.112002623087546,13609,0.09253731343283582
2021-12-24,1502,163.86702396804262,108.6124838009321,1.508731024588136,2266.11399893138,0.015438068586781668,0.11421133252265006,15.438068586781668,15111,0.10275048447965185
2021-12-25,118,57.04,101.4636158220339,0.5621719622139975,66.3362915412517,0.00045192087383490854,0.11466325339648496,0.45192087383490853,15229,0.10355285078026723
2021-12-26,261,81.19,115.76872541762452,0.7013120314412628,183.04244020616957,0.0012469901106154796,0.11591024350710044,1.2469901106154795,15490,0.10532757624179784
2021-12-27,350,59.6,115.16635952571428,0.5175122340017403,181.1292819006091,0.0012339565786958402,0.11714420008579628,1.2339565786958402,15840,0.10770747628599599
2021-12-28,536,130.31893656716417,116.73671362126865,1.1163491974766449,598.3631698474817,0.00407639318245491,0.12122059326825119,4.07639318245491,16376,0.11135212321082515
2021-12-29,24,56.45000000000001,77.78455558333333,0.7257224724967817,17.417339339922762,0.00011865690757648435,0.12133925017582767,0.11865690757648435,16400,0.11151531635671302
2021-12-30,189,191.76,117.39345325925926,1.6334812093524913,308.72794856762084,0.0021032318969349682,0.12344248207276264,2.103231896934968,16589,0.11280046238058002
2021-12-31,899,110.24502780867631,110.07196107007786,1.001572305398359,900.4135025531247,0.0061341333293181656,0.1295766154020808,6.134133329318166,17488,0.11891340563696325
2022-01-01,640,171.9370625,109.3452705734375,1.5724234033928806,1006.3509781714436,0.006855840187524482,0.13643245558960526,6.855840187524482,18128,0.12326522286063986
2022-01-02,304,152.34967105263158,109.91564638157895,1.386059911104378,421.3622129757309,0.002870561122196402,0.13930301671180167,2.8705611221964022,18432,0.12533233604188623
2022-01-03,106,57.698490566037734,101.13999528301886,0.5704814441070589,60.471033075348245,0.0004119633683790847,0.13971498008018077,0.4119633683790847,18538,0.12605310576955767
2022-01-04,348,59.686249999999994,112.09392912068967,0.5324663919643392,185.29830440359004,0.0012623583516742545,0.14097733843185503,1.2623583516742545,18886,0.12841940638493182
2022-01-05,145,264.2271724137931,109.14375172413794,2.420909747372715,351.03191336904365,0.002391430774134058,0.1433687692059891,2.391430774134058,19031,0.12940536497467106
2022-01-06,348,175.98422413793105,112.09392912068967,1.569971054796837,546.3499270692993,0.003722049133651908,0.147090818339641,3.722049133651908,19379,0.13177166559004522
2022-01-07,379,68.36385224274407,105.20994679155673,0.6497850662180013,246.26854009662247,0.0016777225746679543,0.14876854091430894,1.6777225746679543,19758,0.1343487573521912
2022-01-08,532,219.068984962406,104.25041917669172,2.1013727013520285,1117.9302771192793,0.007615982382857111,0.15638452329716604,7.615982382857111,20290,0.13796620541937238
2022-01-09,189,56.05,117.39345325925926,0.47745422290470974,90.23884812899014,0.0006147588017480443,0.1569992820989141,0.6147588017480443,20479,0.13925135144323939
2022-01-11,817,69.18325581395348,106.01989943206856,0.6525497211802406,533.1331222042566,0.0036320086766842277,0.16063129077559832,3.6320086766842277,21296,0.14480671811783905
2022-01-12,417,143.13791366906474,111.20759192565947,1.287123578440132,536.7305322095351,0.0036565162974051863,0.1642878070730035,3.656516297405186,21713,0.14764219902764084
2022-01-13,175,227.45,117.51208190857143,1.9355456588452253,338.7204902979144,0.002307558297346656,0.16659536537035016,2.307558297346656,21888,0.1488321490497399
2022-01-14,390,157.87564102564102,102.86533205641027,1.5347798706279747,598.5641495449102,0.004077762371451983,0.17067312774180216,4.077762371451984,22278,0.15148403767041785
2022-01-15,776,110.0912886597938,110.31328458118557,0.9979875866969732,774.4383672768512,0.0052759184383015115,0.17594904618010368,5.275918438301511,23054,0.15676061605412572
2022-01-16,898,175.17128062360803,113.76388808574609,1.5397793058160774,1382.7218166228374,0.009419894255773978,0.18536894043587765,9.419894255773979,23952,0.16286675959609698
2022-01-17,351,155.7522507122507,112.99640550997151,1.3783823477332309,483.81220405436403,0.003296006287784047,0.1886649467236617,3.2960062877840466,24303,0.1652534593547071
2022-01-18,86,58.61,115.63447287209303,0.5068557718495451,43.58959637906088,0.00029695733704809477,0.18896190406070978,0.2969573370480948,24389,0.16583823479413864
2022-01-19,213,209.40000000000003,112.87589593427231,1.8551347767102886,395.14370743929146,0.0026919456214293002,0.19165384968213908,2.6919456214293,24602,0.16728657396389351
2022-01-20,1017,59.989233038348075,108.10251032546707,0.5549291395522353,564.3629349246233,0.0038447640768788883,0.19549861375901798,3.844764076878888,25619,0.1742018835208921
2022-01-21,615,110.24531707317072,106.59454363252031,1.0342491586927403,636.0632325960353,0.004333227637699704,0.19983184139671767,4.333227637699704,26234,0.17838370788426886
2022-01-23,233,224.0631974248927,109.7351330472103,2.0418547023449283,475.75214564636826,0.0032410965460081334,0.2030729379427258,3.2410965460081336,26467,0.17996804134226363
2022-01-26,351,81.21319088319088,104.2925151994302,0.7787058421967619,273.3257506110634,0.0018620518148941333,0.20493498975761992,1.8620518148941332,26818,0.18235474110087377
2022-01-27,518,65.96023166023166,109.3815057934363,0.603029106079373,312.3690769491152,0.0021280373523151013,0.20706302710993502,2.1280373523151015,27336,0.185876993166287
2022-01-28,522,74.35363984674329,107.6539562624521,0.6906726183427464,360.5311067749136,0.002456144729119588,0.2095191718390546,2.456144729119588,27858,0.18942644408934825
2022-01-29,652,64.90743865030674,111.54493098312885,0.5818950092866523,379.3955460548973,0.0025846601116611993,0.2121038319507158,2.5846601116611994,28510,0.1938598578859688
2022-01-30,127,60.16,94.79071391338583,0.634661324050905,80.60198815446493,0.0005491069831201695,0.21265293893383597,0.5491069831201695,28637,0.1947234216162921
2022-02-01,191,79.34,105.64156457591622,0.7510301491510439,143.4467584878494,0.000977241611468454,0.21363018054530442,0.977241611468454,28828,0.1960221670689831
2022-02-03,418,59.157846889952154,106.3623464952153,0.5561916302082839,232.48810142706267,0.0015838423208780193,0.21521402286618244,1.5838423208780192,29246,0.1988644476931969
2022-02-04,127,84.82,94.79071391338583,0.8948133893949096,113.64130045315352,0.0007741897325174997,0.21598821259869994,0.7741897325174997,29373,0.1997280114235202
2022-02-05,26,56.45,77.9556923076923,0.7241292884320878,18.827361499234282,0.0001282627874283357,0.21611647538612827,0.1282627874283357,29399,0.19990480399823207
2022-02-06,376,85.10880319148936,111.37331028457447,0.7641759320435425,287.33015044837197,0.0019574578206409915,0.21807393320676927,1.9574578206409914,29775,0.20246149661714208
2022-02-07,438,287.80689497716895,111.80565639497718,2.5741711489124492,1127.4869632236528,0.007681088011087304,0.22575502121785657,7.681088011087303,30213,0.20543977152959575
2022-02-08,378,315.315,117.39345325925926,2.6859674985762454,1015.2957144618208,0.006916776862557881,0.23267179808041444,6.916776862557882,30591,0.20801006357732976
2022-02-09,1462,91.32686730506157,109.82955585841313,0.8315327016599765,1215.7008098268857,0.008282051340737423,0.24095384942115186,8.282051340737423,32053,0.217951246047666
2022-02-10,1396,75.13179799426935,109.5782654047278,0.6856450749313262,957.1605246041314,0.006520726598205863,0.2474745760193577,6.520726598205862,33449,0.22744364736681058
2022-02-11,274,61.169233576642334,101.6634799270073,0.6016834523130709,164.86126593378143,0.001123129521281616,0.24859770554063934,1.123129521281616,33723,0.22930676911569714
2022-02-12,181,70.49049723756906,97.47174402209944,0.7231890425761437,130.897216706282,0.000891746933421418,0.24948945247406076,0.891746933421418,33904,0.23053751742426817
2022-02-13,1407,89.55251599147121,107.68665897014925,0.8316026966376139,1170.0649941691227,0.007971153984086123,0.2574606064581469,7.971153984086123,35311,0.2401047156019447
2022-02-14,868,229.3913479262673,108.41308583064516,2.1159009188669837,1836.6019975765419,0.01251198643076978,0.2699725928889167,12.511986430769781,36179,0.2460068677115561
2022-02-15,289,94.24,100.89085813494809,0.9340786840562686,269.9487396922616,0.0018390456791889755,0.27181163856810564,1.8390456791889755,36468,0.24797198517662258
2022-02-16,484,83.15661157024795,109.3266449752066,0.7606252948593312,368.14264271191627,0.002507998878514373,0.27431963744662,2.507998878514373,36952,0.251263046952028
2022-02-17,746,120.97079088471851,109.0844615764075,1.1089644587005207,827.2874861905884,0.005635956954865991,0.27995559440148604,5.635956954865991,37698,0.25633563390337605
2022-02-18,145,74.65,99.28022988965517,0.7519120381063743,109.02724552542428,0.0007427561433551483,0.2806983505448412,0.7427561433551483,37843,0.2573215924931153
2022-02-20,624,74.18541666666667,104.34698504326923,0.7109493066417246,443.63236734443615,0.0030222781897156947,0.2837206287345569,3.0222781897156947,38467,0.2615646142862
2022-02-22,592,77.34092905405404,110.46589020608108,0.700134031507551,414.4793466524702,0.0028236710882341845,0.28654429982279106,2.8236710882341844,39059,0.26559004521810087
2022-02-23,466,72.84549356223177,108.44075930042919,0.6717538131618694,313.03727693343114,0.002132589513941754,0.2886768893367328,2.132589513941754,39525,0.26875871213409036
2022-02-24,75,56.85,86.13617778666666,0.6600014240334683,49.500106802510125,0.00033722312479889907,0.2890141124615317,0.3372231247988991,39600,0.26926869071499
2022-02-26,118,59.22,101.4636158220339,0.5836574965342379,68.87158459104008,0.0004691927445389777,0.2894833052060707,0.4691927445389777,39718,0.27007105701560535
2022-02-27,250,79.338,106.925144004,0.7419957273757051,185.49893184392627,0.0012637251408939329,0.29074703034696464,1.263725140893933,39968,0.271770985618604
2022-02-28,687,70.47206695778749,106.54404075836973,0.6614360264185066,454.40655014951403,0.00309567810392555,0.29384270845089017,3.0956781039255503,40655,0.2764423894196444
2022-03-01,792,72.10029040404041,107.20698043181818,0.6725335431856041,532.6465662029984,0.003628693978075828,0.29747140242896597,3.628693978075828,41447,0.28182776323394415
2022-03-02,368,81.58184782608696,104.53824230434783,0.7804019469599778,287.1879164812718,0.0019564888412602114,0.2994278912702262,1.9564888412602113,41815,0.28433005813755824
2022-03-03,417,57.23,108.77375020383693,0.5261379688826914,219.3995330240823,0.001494675484256702,0.30092256675448287,1.494675484256702,42232,0.28716553904736003
2022-03-04,1935,135.1641291989664,112.38142945994832,1.2027265523183048,2327.27587873592,0.0158547383994055,0.31677730515388836,15.854738399405498,44167,0.3003229864345697
2022-03-05,628,147.2596815286624,107.28500584235668,1.3726026332612038,861.994453688036,0.0058724007281790135,0.3226497058820674,5.872400728179014,44795,0.3045932070853024
2022-03-06,215,163.0845581395349,114.95239922790698,1.4187138262003571,305.0234726330768,0.0020779948816821866,0.32472770076374957,2.0779948816821867,45010,0.30605514568388126
2022-03-07,40,80.846,96.60198335,0.8368979310402533,33.475917241610134,0.00022805715274037874,0.32495575791648995,0.22805715274037874,45050,0.30632713426036107
2022-03-08,885,120.18866666666666,111.8997621480226,1.074074371200891,950.5558185127886,0.006475731551318651,0.3314314894678086,6.475731551318651,45935,0.31234488151497636
2022-03-09,668,122.36149700598801,105.93416766766468,1.155071113503803,771.5875038205404,0.005256496720951533,0.3366879861887601,5.256496720951533,46603,0.31688709074218885
2022-03-10,545,101.36847706422019,113.44305198899083,0.8935626756062378,486.99165820539963,0.003317666553452659,0.3400056527422128,3.3176665534526593,47148,0.32059293509672593
2022-03-11,451,128.4771618625277,102.33937767849223,1.2554030010437383,566.186753470726,0.0038571889751045974,0.3438628417173174,3.8571889751045974,47599,0.32365960629653556
2022-03-12,1656,124.13053743961352,106.639855477657,1.164016369711052,1927.611108241502,0.01313199270279767,0.3569948344201151,13.13199270279767,49255,0.33491993336279874
2022-03-13,1053,94.06226970560303,111.21601883665717,0.8457618847492839,890.587264640996,0.006067191359536851,0.36306202577965196,6.067191359536851,50308,0.3420800326386292
2022-03-14,473,64.73410147991544,109.16258175052853,0.593006325444497,280.4919919352471,0.0019108723619294312,0.3649728981415814,1.9108723619294312,50781,0.3452962975555027
2022-03-15,350,153.555,114.49801809714286,1.341114916676726,469.3902208368541,0.0031977554644916947,0.3681706536060731,3.197755464491695,51131,0.3476761975997008
2022-03-16,768,137.98296875,108.59435308333333,1.270627475851478,975.8419014539351,0.006647994854453688,0.37481864846052676,6.647994854453688,51899,0.35289837826811277
2022-03-17,711,85.53225035161744,112.91988350070324,0.7574596049869708,538.5537791457363,0.0036689373014963246,0.37848758576202307,3.6689373014963245,52610,0.357732975215041
2022-03-18,280,57.12228571428572,105.41032262142858,0.5419040971863365,151.7331472121742,0.0010336932452005548,0.3795212790072236,1.0336932452005547,52890,0.3596368952503995
2022-03-19,744,128.95123655913977,105.87825470698924,1.217919929979989,906.1324279051119,0.006173093929653496,0.3856943729368771,6.173093929653496,53634,0.36469588277292353
2022-03-20,920,128.88716304347827,106.26236449673914,1.2129145032099622,1115.8813429531651,0.007602023867883378,0.3932963968047605,7.6020238678833785,54554,0.37095162003195864
2022-03-21,569,142.34618629173988,104.33204657469246,1.3643572705135492,776.3192869222095,0.005288732341973154,0.3985851291467336,5.288732341973153,55123,0.37482065753238364
2022-03-22,21,62.82,72.962127,0.8609946362994599,18.08088736228866,0.00012317737736959218,0.3987083065241032,0.12317737736959218,55144,0.3749634515350355
2022-03-23,876,167.94201484018262,114.35986320547946,1.4685398367294988,1286.440896975041,0.008763973396619485,0.4074722799207227,8.763973396619486,56020,0.38092000135994286
2022-03-24,1509,101.14033134526177,107.9918633777336,0.9365551087075278,1413.2616590396594,0.009627949182438186,0.4171002291031609,9.627949182438186,57529,0.3911807704076429
2022-03-25,1407,110.9475597540867,112.99765174271501,0.981857215995106,1381.473102905114,0.00941138730156578,0.4265116164047267,9.41138730156578,58936,0.4007479685853194
2022-03-26,305,64.86,114.3634989081967,0.567138996438586,172.97739391376874,0.0011784212411479723,0.42769003764587465,1.1784212411479722,59241,0.4028218814809778
2022-03-29,1193,94.20145431684828,107.04738446772842,0.8799977204977596,1049.8372805538272,0.00715209382660943,0.4348421314724841,7.1520938266094305,60434,0.41093394077448747
2022-03-30,238,206.46,101.31252031092437,2.037852768506616,485.0089589045746,0.003304159268378945,0.43814629074086303,3.304159268378945,60672,0.4125522728045422
2022-03-31,805,177.2992795031056,111.10356874037267,1.5958018406899186,1284.6204817553844,0.008751571683805949,0.446897862424669,8.751571683805949,61477,0.41802604290619794
2022-04-01,554,153.0368953068592,111.23522352888087,1.3757952782566671,762.1905841541936,0.005192479513352114,0.4520903419380211,5.192479513352114,62031,0.421793084690443
2022-04-02,955,153.85568586387433,110.27162443455498,1.3952427621594168,1332.456837862243,0.009077460384404263,0.4611678023224254,9.077460384404263,62986,0.42828681195389795
2022-04-03,495,163.84339393939393,105.10385724242424,1.5588713700724202,771.641328185848,0.005256863403406012,0.4664246657258314,5.256863403406013,63481,0.4316526705878353
2022-04-04,559,141.2921466905188,114.0299701842576,1.2390790461683805,692.6451868081247,0.004718696369772448,0.47114336209560387,4.718696369772449,64040,0.43545371094414037
2022-04-05,362,80.0189779005525,113.05242357182321,0.7078041794452617,256.22511295918474,0.0017455524609022786,0.47288891455650617,1.7455524609022786,64402,0.43791520756128244
2022-04-06,173,238.58,108.3099113699422,2.2027531643443847,381.07629743157855,0.0025961103542539235,0.4754850249107601,2.5961103542539234,64575,0.4390915581545575
2022-04-09,118,73.225,101.4636158220339,0.7216872709172504,85.15909796823554,0.0005801526294979168,0.476065177540258,0.5801526294979168,64693,0.4398939244551729
2022-04-10,660,194.5067272727273,109.67858560909092,1.7734248321361032,1170.4603892098282,0.007973847641933948,0.48403902518219194,7.973847641933948,65353,0.4443817359670894
2022-04-11,162,74.84,105.67306996296297,0.7082220666649549,114.73197479972269,0.0007816200318652458,0.4848206452140572,0.7816200318652458,65515,0.44548328970183254
2022-04-12,1634,154.9464565483476,113.05960342778458,1.3704846987838388,2239.371997812793,0.015255886733789617,0.5000765319478468,15.255886733789618,67149,0.45659402305103186
2022-04-13,3956,104.3104550050556,105.14556821031346,0.9920575520255172,3924.579675812946,0.026736488207592717,0.5268130201554395,26.736488207592718,71105,0.4834936932648829
2022-04-14,5085,108.28205028121928,107.88850521337265,1.0036477015514147,5103.5485623889435,0.03476830061474647,0.561581320770186,34.76830061474647,76190,0.5180702410498759
2022-04-15,1617,103.5883487940631,106.53450402226345,0.9723455301619026,1572.2827222717965,0.010711291892504122,0.57229261266269,10.711291892504121,77807,0.5290653792540714
2022-04-16,2780,98.5587320143885,110.2392721233813,0.8940437478948539,2485.441619147694,0.016932254159736853,0.5892248668224269,16.932254159736853,80587,0.5479685853194166
2022-04-17,2671,136.38546798951705,107.44882035642082,1.2693063314898185,3390.3172114093054,0.023096785803964365,0.6123216526263913,23.096785803964366,83258,0.5661306225138544
2022-04-18,1362,97.46602790014686,100.05821891850222,0.9740931724912402,1326.7149009330692,0.009038343016003838,0.6213599956423951,9.038343016003838,84620,0.5753918335429912
2022-04-19,3218,91.1905593536358,106.52388688875078,0.8560573784626496,2754.7926438928066,0.01876722786180827,0.6401272235042034,18.767227861808273,87838,0.5972733145207901
2022-04-20,3268,92.50366738066096,104.369761374541,0.8863071656234087,2896.4518172573,0.019732291417913182,0.6598595149221166,19.73229141791318,91106,0.6194947812191888
2022-04-21,2281,133.3191363437089,106.44362143928102,1.2524859126458654,2856.920366745219,0.019462980498591267,0.6793224954207079,19.462980498591268,93387,0.6350049297929486
2022-04-22,502,94.63256972111553,109.27015903386453,0.8660422072945589,434.75318806186857,0.0029617881266282902,0.6822842835473362,2.9617881266282904,93889,0.63841838642777
2022-04-28,843,99.40071174377225,102.35566726215896,0.9711305138501192,818.6630231756504,0.005577202165119509,0.6878614857124556,5.577202165119509,94732,0.6441505456770815
2022-04-29,1090,100.14052293577981,103.69484205229357,0.9657232795174007,1052.6383746739668,0.007171176486689699,0.6950326621991454,7.171176486689699,95822,0.6515622343861558
2022-04-30,1750,108.22753719314287,107.59685714342858,1.005861509959102,1760.2576424284284,0.011991884886211128,0.7070245470853566,11.991884886211128,97572,0.6634617346071465
2022-05-01,1552,97.4280219072165,105.2529555431701,0.9256559248567214,1436.6179953776316,0.009787065944653851,0.7168116130300104,9.78706594465385,99124,0.6740148913745623
2022-05-02,332,93.1110843373494,100.03002811746988,0.9308313322476002,309.0360023062033,0.002105330535726703,0.7189169435657371,2.105330535726703,99456,0.6762723965593445
2022-05-03,420,88.94890476190477,104.70132936904763,0.8495489531788154,356.8105603351025,0.002430798232365587,0.7213477417981027,2.430798232365587,99876,0.6791282766123823
2022-05-04,220,98.1520909090909,111.66693560909091,0.8789718314890361,193.37380292758795,0.0013173732803780727,0.7226651150784807,1.3173732803780727,100096,0.6806242137830211
2022-05-05,482,95.15767634854772,112.4423703319502,0.8462795302840475,407.9067335969109,0.0027788946775178878,0.7254440097559987,2.7788946775178878,100578,0.6839016761296025
2022-05-06,557,90.63475763016157,109.02132076660682,0.8313489232458735,463.06135024795157,0.003154639567288634,0.7285986493232873,3.154639567288634,101135,0.6876891170570836
2022-05-07,839,86.15303337306318,113.2481867306317,0.7607453669698383,638.2653628876943,0.004348229812566323,0.7329468791358537,4.348229812566323,101974,0.6933940774487471
2022-05-08,1052,96.43869465114068,106.33287642870722,0.9069508687259084,954.1123138996555,0.006499960438187059,0.7394468395740407,6.499960438187059,103026,0.7005473770101656
2022-05-09,399,97.0731328320802,107.20153509022556,0.9055199885932524,361.30247544870775,0.0024613997350448613,0.7419082393090856,2.4613997350448615,103425,0.7032604630605515
2022-05-10,493,93.83732251521299,108.8339526693712,0.8622063263684195,425.06771889963085,0.0028958051543275607,0.7448040444634131,2.8958051543275607,103918,0.7066127222656648
2022-05-11,727,87.16375515818433,108.64460293810178,0.8022833422093156,583.2599897861725,0.003973501655473056,0.7487775461188861,3.973501655473056,104645,0.711556114643185
2022-05-12,749,103.24782389586115,109.91005963684913,0.9393846590293874,703.5991096130111,0.004793320775974385,0.7535708668948605,4.793320775974385,105394,0.716649100737769
2022-05-13,401,98.35680798004988,96.72087115461346,1.0169140001109098,407.78251404447485,0.002778048422664323,0.7563489153175248,2.7780484226643227,105795,0.7193757862169788
2022-05-14,558,83.99409498207886,112.38414486200716,0.7473838510335464,417.0401888767189,0.0028411170145717477,0.7591900323320966,2.8411170145717475,106353,0.7231700268588719
2022-05-15,151,83.08437086092715,88.53887858278146,0.9383942081810479,141.69752543533824,0.0009653248324133547,0.76015535716451,0.9653248324133546,106504,0.7241967837350831
2022-05-16,1184,88.58572804054053,107.21842708614864,0.8262173811723896,978.2413793081093,0.006664341474130666,0.7668196986386406,6.664341474130666,107688,0.7322476455988849
2022-05-17,1454,99.61925034387896,102.89206041059147,0.9681918113637501,1407.7508937228927,0.00959040668768019,0.7764101053263208,9.59040668768019,109142,0.7421344303539251
2022-05-18,382,109.87612565445026,108.82365837958115,1.0096713094426404,385.69444020708863,0.0026275717921804775,0.7790376771185012,2.6275717921804773,109524,0.7447319212593071
2022-05-19,1435,93.58868989547038,110.7649737533101,0.8449303667412603,1212.4750762737085,0.008260075793231817,0.7872977529117331,8.260075793231817,110959,0.7544895114405195
2022-05-20,1884,101.58220806794056,112.0084637314225,0.9069154658840572,1708.628737725564,0.011640159168864562,0.7989379120805976,11.640159168864562,112843,0.7673001733927175
2022-05-21,33,86.21,75.7478586060606,1.1381179822963643,37.55789341578002,0.0002558659161901259,0.7991937779967877,0.2558659161901259,112876,0.7675245639683134
2022-05-22,1000,90.58239,111.796353002,0.8102445881967144,810.2445881967144,0.005519850956548597,0.8047136289533363,5.519850956548597,113876,0.774324278380308
2022-05-23,1788,90.13815151118568,110.04011810458613,0.8191389927945653,1464.6205191166828,0.00997783520087411,0.8146914641542105,9.97783520087411,115664,0.7864821677489545
2022-05-24,1656,96.08728864734299,105.98171729468598,0.9066402309765261,1501.3962224971274,0.010228372389816135,0.8249198365440266,10.228372389816135,117320,0.7977424948152178
2022-05-26,578,99.91535467128027,101.83898760553633,0.9811110363576367,567.082179014714,0.0038632891275986745,0.8287831256716253,3.8632891275986743,117898,0.8016727297453506
2022-05-27,509,100.41495481335953,105.3223146719057,0.9534062665273422,485.2837896624172,0.003306031573166494,0.8320891572447917,3.3060315731664938,118407,0.805133784381056
2022-05-28,1600,67.64234375,107.89303979374999,0.6269389005936449,1003.1022409498318,0.006833707925832738,0.8389228651706244,6.833707925832738,120007,0.8160133274402475
2022-05-29,1920,71.47288151041667,112.79095338697917,0.633675657170814,1216.6572617679628,0.008288567240058142,0.8472114324106825,8.288567240058143,121927,0.8290687791112773
2022-05-30,2340,73.21107905982906,106.4507281371795,0.6877461558128977,1609.3260046021805,0.010963651982758038,0.8581750843934406,10.963651982758037,124267,0.844980110835345
2022-05-31,522,81.99844827586207,110.82561078927203,0.7398871767264789,386.22110625122195,0.002631159743411304,0.8608062441368519,2.631159743411304,124789,0.8485295617584061
2022-06-01,1288,96.44797748447205,105.81771170031057,0.9114540083575534,1173.9527627645289,0.007997639694096175,0.8688038838309481,7.997639694096176,126077,0.8572875939210554
2022-06-02,747,75.71239625167337,114.40764190227577,0.6617774389261957,494.3477468778682,0.0033677804495362497,0.8721716642804843,3.3677804495362498,126824,0.8623669805868154
2022-06-03,402,77.8,114.99982213930349,0.676522785450555,271.9621597511231,0.001852762251690343,0.8740244265321746,1.852762251690343,127226,0.8651004657804372
2022-06-04,145,75.25,99.28022988965517,0.7579555374079661,109.90355292415508,0.0007487260520760203,0.8747731525842506,0.7487260520760203,127371,0.8660864243701765
2022-06-05,191,126.42,105.64156457591622,1.1966880697715525,228.56742132636654,0.0015571323988132337,0.8763302849830639,1.5571323988132337,127562,0.8673851698228674
2022-06-06,1444,102.06252770083103,108.41188273407202,0.9414330341553463,1359.42930132032,0.009261212279064733,0.8855914972621286,9.261212279064733,129006,0.8772039574337878
2022-06-07,1368,90.00677631578948,108.07330519225147,0.8328307916157144,1139.3125229302973,0.007761650507905359,0.8933531477700339,7.761650507905359,130374,0.8865059667493965
2022-06-08,1411,100.08596739900779,105.54392570588236,0.9482873289924407,1338.033421208334,0.009115451269336555,0.9024685990393705,9.115451269336555,131785,0.896100363784721
2022-06-09,3042,115.22597554207758,109.0162976130835,1.0569610055097747,3215.2753787607344,0.021904300421826083,0.9243728994611966,21.904300421826083,134827,0.9167850950260089
2022-06-10,2931,101.8113783691573,107.52303992050496,0.9468796496493174,2775.304253122149,0.018906964710994664,0.9432798641721912,18.906964710994664,137758,0.9367150579675654
2022-06-11,3569,84.79668630232558,107.17736943345474,0.7911808878176929,2823.724588621346,0.019236831814231345,0.9625166959864225,19.236831814231344,141327,0.9609832387039744
2022-06-12,727,110.22530949105915,112.20217904676754,0.982381183926166,714.1911207143227,0.004865479632029777,0.9673821756184523,4.8654796320297775,142054,0.9659266310814946
2022-06-13,1444,136.6131786703601,108.4832015270083,1.2593026085826613,1818.432966793363,0.012388208569850897,0.9797703841883032,12.388208569850898,143498,0.9757454186924149
2022-06-14,3108,103.72135714285714,108.56073579182754,0.955422385324928,2969.452773589876,0.020229615811696734,0.9999999999999999,20.229615811696732,146606,0.9968789310848944
2022-06-18,459,0.0,111.90843391503269,0.0,0.0,0.0,0.9999999999999999,0.0,147065,1.0
